num_artists,id,popularity
1,705,78.30496454
2,234,78.35470085
3,43,77.90697674
4+,18,76.8125
